[
  {
    "Bills on ports and immigration were submitted by Senator Brownback, Republican of Kansas ?": {
      "punctuation": "?",
      "words": {
        "and": {
          "synonyms": [],
          "dependencies": null,
          "lemma": "and",
          "suggestion": null,
          "part-of-speech": "CC"
        },
        "back": {
          "synonyms": [
            "back",
            "dorsum",
            "rear",
            "spinal_column",
            "vertebral_column",
            "spine",
            "backbone",
            "rachis",
            "binding",
            "book_binding",
            "cover",
            "backrest",
            "endorse",
            "indorse",
            "plump_for",
            "plunk_for",
            "support",
            "second",
            "bet_on",
            "gage",
            "stake",
            "game",
            "punt",
            "back_up",
            "hind",
            "hinder",
            "backward",
            "backwards",
            "rearward",
            "rearwards"
          ],
          "dependencies": null,
          "lemma": "back",
          "suggestion": null,
          "part-of-speech": "RB"
        },
        "of": {
          "synonyms": [],
          "dependencies": null,
          "lemma": "of",
          "suggestion": null,
          "part-of-speech": "IN"
        },
        "ports": {
          "synonyms": [
            "port",
            "port_wine",
            "embrasure",
            "porthole",
            "larboard",
            "interface"
          ],
          "dependencies": [
            {
              "relation": "case",
              "with_word": "on"
            },
            {
              "relation": "cc",
              "with_word": "and"
            },
            {
              "relation": "conj",
              "with_word": "immigration"
            }
          ],
          "lemma": "port",
          "suggestion": null,
          "part-of-speech": "NNS"
        },
        "Kansas": {
          "synonyms": [
            "Kansas",
            "Sunflower_State",
            "KS",
            "Kansa",
            "Kansas_River",
            "Kaw_River"
          ],
          "dependencies": [
            {
              "relation": "case",
              "with_word": "of"
            }
          ],
          "lemma": "Kansas",
          "suggestion": null,
          "part-of-speech": "NNP"
        },
        "immigration": {
          "synonyms": [
            "immigration",
            "in-migration"
          ],
          "dependencies": null,
          "lemma": "immigration",
          "suggestion": null,
          "part-of-speech": "NN"
        },
        "on": {
          "synonyms": [
            "on",
            "along"
          ],
          "dependencies": null,
          "lemma": "on",
          "suggestion": null,
          "part-of-speech": "IN"
        },
        "Bills": {
          "synonyms": [
            "bill",
            "measure",
            "account",
            "invoice",
            "note",
            "government_note",
            "bank_bill",
            "banker's_bill",
            "bank_note",
            "banknote",
            "Federal_Reserve_note",
            "greenback",
            "circular",
            "handbill",
            "broadside",
            "broadsheet",
            "flier",
            "flyer",
            "throwaway",
            "poster",
            "posting",
            "placard",
            "notice",
            "card",
            "billhook",
            "peak",
            "eyeshade",
            "visor",
            "vizor",
            "beak",
            "neb",
            "nib",
            "pecker",
            "charge"
          ],
          "dependencies": [
            {
              "relation": "nmod",
              "with_word": "ports"
            }
          ],
          "lemma": "Bills",
          "suggestion": null,
          "part-of-speech": "NNS"
        },
        "by": {
          "synonyms": [
            "by",
            "past",
            "aside",
            "away"
          ],
          "dependencies": null,
          "lemma": "by",
          "suggestion": null,
          "part-of-speech": "IN"
        },
        "Brown": {
          "synonyms": [
            "brown",
            "brownness",
            "Brown",
            "Robert_Brown",
            "John_Brown",
            "Brown_University",
            "embrown",
            "brownish",
            "chocolate-brown",
            "dark-brown",
            "browned"
          ],
          "dependencies": [
            {
              "relation": "case",
              "with_word": "by"
            },
            {
              "relation": "compound",
              "with_word": "Senator"
            }
          ],
          "lemma": "Brown",
          "suggestion": null,
          "part-of-speech": "NNP"
        },
        "Senator": {
          "synonyms": [
            "senator"
          ],
          "dependencies": null,
          "lemma": "Senator",
          "suggestion": null,
          "part-of-speech": "NNP"
        },
        "were": {
          "synonyms": [
            "be",
            "exist",
            "equal",
            "constitute",
            "represent",
            "make_up",
            "comprise",
            "follow",
            "embody",
            "personify",
            "live",
            "cost"
          ],
          "dependencies": null,
          "lemma": "were",
          "suggestion": null,
          "part-of-speech": "VBD"
        },
        "submitted": {
          "synonyms": [
            "submit",
            "subject",
            "state",
            "put_forward",
            "posit",
            "present",
            "relegate",
            "pass_on",
            "bow",
            "defer",
            "accede",
            "give_in",
            "take",
            "put_in",
            "render",
            "resign",
            "reconcile"
          ],
          "dependencies": [
            {
              "relation": "nsubjpass",
              "with_word": "Bills"
            },
            {
              "relation": "auxpass",
              "with_word": "were"
            },
            {
              "relation": "nmod",
              "with_word": "Brown"
            },
            {
              "relation": "advmod",
              "with_word": "back"
            },
            {
              "relation": "dobj",
              "with_word": "Republican"
            }
          ],
          "lemma": "submitted",
          "suggestion": null,
          "part-of-speech": "VBN"
        },
        "Republican": {
          "synonyms": [
            "Republican",
            "republican",
            "Republican_River"
          ],
          "dependencies": [
            {
              "relation": "nmod",
              "with_word": "Kansas"
            }
          ],
          "lemma": "Republican",
          "suggestion": null,
          "part-of-speech": "NNP"
        }
      },
      "spell_check": "Bills on ports and immigration were submitted by Senator Brown back, Republican of Kansas ?"
    }
  },
  {
    "My name is Bill": {
      "punctuation": null,
      "words": {
        "My": {
          "synonyms": [],
          "dependencies": null,
          "lemma": "My",
          "suggestion": null,
          "part-of-speech": "PRP$"
        },
        "Bill": {
          "synonyms": [
            "bill",
            "measure",
            "account",
            "invoice",
            "note",
            "government_note",
            "bank_bill",
            "banker's_bill",
            "bank_note",
            "banknote",
            "Federal_Reserve_note",
            "greenback",
            "circular",
            "handbill",
            "broadside",
            "broadsheet",
            "flier",
            "flyer",
            "throwaway",
            "poster",
            "posting",
            "placard",
            "notice",
            "card",
            "billhook",
            "peak",
            "eyeshade",
            "visor",
            "vizor",
            "beak",
            "neb",
            "nib",
            "pecker",
            "charge"
          ],
          "dependencies": [
            {
              "relation": "nsubj",
              "with_word": "name"
            },
            {
              "relation": "cop",
              "with_word": "is"
            }
          ],
          "lemma": "Bill",
          "suggestion": null,
          "part-of-speech": "NNP"
        },
        "name": {
          "synonyms": [
            "name",
            "gens",
            "figure",
            "public_figure",
            "epithet",
            "call",
            "identify",
            "nominate",
            "make",
            "appoint",
            "constitute",
            "mention",
            "advert",
            "bring_up",
            "cite",
            "refer",
            "discover",
            "key",
            "key_out",
            "distinguish",
            "describe",
            "list",
            "diagnose"
          ],
          "dependencies": [
            {
              "relation": "nmod:poss",
              "with_word": "My"
            }
          ],
          "lemma": "name",
          "suggestion": null,
          "part-of-speech": "NN"
        },
        "is": {
          "synonyms": [
            "be",
            "exist",
            "equal",
            "constitute",
            "represent",
            "make_up",
            "comprise",
            "follow",
            "embody",
            "personify",
            "live",
            "cost"
          ],
          "dependencies": null,
          "lemma": "is",
          "suggestion": null,
          "part-of-speech": "VBZ"
        }
      },
      "spell_check": "My name is Bill"
    }
  }
]